Topic_1,Topic_2,Topic_3,Topic_4,Topic_5,Topic_6,Topic_7,Topic_8,work_id
0.0006591047805996551,0.09483493238106444,0.033246448406007656,0.8686241267427305,0.0006586183639343365,0.0006591218443450288,0.0006588715812985797,0.0006587759000199497,5007118
0.125,0.125,0.125,0.125,0.125,0.125,0.125,0.125,5006320
0.0008400248282023521,0.0008398119061178954,0.0008400169453191373,0.0008405426565846987,0.0008403761721421306,0.0008401683261770818,0.0008400210230133375,0.9941190381424434,4995850
0.0002944908182520193,0.00029450736245450825,0.00029457287178838074,0.0002945095491030731,0.0002944545035932443,0.0002944346070785628,0.9979384997604034,0.0002945305273269505,5075734
0.001127512112856412,0.001127362074924631,0.9921058374934487,0.0011283563459013836,0.0011279971801130995,0.0011274671474034036,0.0011278084080355302,0.001127659237316847,4929865
0.0007826233350521823,0.6771122335072252,0.0007825378745371543,0.0007824630824784841,0.3181935391781731,0.0007820643468299959,0.0007822122408435661,0.0007823264348603227,4976515
0.003909433101056242,0.003909160602855966,0.003911258299261197,0.00391029558034894,0.0039105711771487695,0.003908385874460626,0.003910760451284598,0.9726301349135837,4908538
0.0031285306716030293,0.0031301612295503004,0.9780973015368776,0.0031288670223003543,0.0031298319560904785,0.0031284032082214996,0.0031278636428365646,0.0031290407325201865,5042755
0.00021219901508961038,0.00021225602053984494,0.34556554853863114,0.4629775029559418,0.00021217789173859494,0.1903959075532452,0.00021224145128100804,0.000212166573532736,5085703
0.0006879486492489592,0.0006876891288771608,0.0006881308440558773,0.0006878478020196248,0.0006877163345605212,0.0006878084326324421,0.9951849135677128,0.0006879452408927265,4956577
0.003910123547209012,0.003908751147243991,0.003910497477912843,0.9726252825079841,0.003912296482543363,0.003910217047738645,0.003913263743677197,0.003909568045690931,4994023
0.9846255088618927,0.0021967988277617266,0.002196799388029034,0.00219733031630953,0.0021961564004433377,0.0021954201391466976,0.002196244239086884,0.0021957418273301074,5030722
0.0004794761650992886,0.00047976865727308214,0.00047948619584615976,0.00047961466987959364,0.0004795931874021929,0.0004794263989667536,0.0004797715028268899,0.9966428632227061,4880572
0.0002323256366612072,0.00023230711306104724,0.00023232646509397574,0.587484106942063,0.05007813753907345,0.00023222338453833614,0.32130785728164357,0.04020071563786551,5006515
0.00024308809696302298,0.0002431322781790293,0.0002431322731004457,0.4895934250254702,0.09842296434099017,0.00024310034868818138,0.41076803450676325,0.0002431231298455964,5066755
0.0017646751573991192,0.0017636853122870253,0.4509859528225235,0.35431402522062244,0.0017626760503361423,0.18588258263681923,0.0017628578616612843,0.0017635449383512302,5056036
0.3623737589706497,0.0010612212112273557,0.12198532369195333,0.5103351739967835,0.0010612195569528085,0.001060983198901061,0.0010611301074894969,0.001061189266042672,5058223
0.000313568515624825,0.9978047087156421,0.00031355312070656367,0.00031366082458860747,0.00031361497239315106,0.00031354045851420865,0.0003137211066613795,0.00031363228586912427,4919329
0.0008877413901907081,0.9937858157926216,0.0008877565554679423,0.0008880610394292722,0.0008874656344199934,0.000887800663846075,0.0008876309193869685,0.0008877280046372175,5085778
0.0016265224059935882,0.0016259918437335364,0.0016254717450755341,0.0016268249842390017,0.9886185964550827,0.001625401281017318,0.0016260726888884874,0.001625118595969972,4966549
0.125,0.125,0.125,0.125,0.125,0.125,0.125,0.125,4946347
0.7684669266651372,0.0004391780760926087,0.00043938886427093805,0.22889720871978833,0.0004395598444245018,0.0004392868801530516,0.0004392005209263171,0.00043925042920716175,5050006
0.001813977470180011,0.0018149144218379905,0.001813529024063049,0.0018153626529036778,0.0018141029685978178,0.9872994005077596,0.0018145885565141527,0.0018141243981436687,4929040
0.0005770895286021668,0.0005767806449988721,0.0005768347783143366,0.0005771446249161158,0.0005768425696088383,0.000576807859568237,0.9959616282652577,0.0005768717287336113,5007220
0.0031304273272333926,0.0031269310213449955,0.003128425133899193,0.9780996370507506,0.0031288185817382936,0.0031277313106841706,0.003129688097371882,0.0031283414769772973,4934176
0.9936035446676125,0.0009137006082000797,0.0009133507659493012,0.0009142486879790731,0.000913724312767023,0.0009134639055631034,0.0009140975112970259,0.0009138695406318191,4965496
0.0016697449667769336,0.001668641360344877,0.001669817815334902,0.001669358390565542,0.0016686039222030677,0.0016691109691271964,0.0016688948701289075,0.9883158277055186,5107628
0.0011697354873274402,0.0011696092825891561,0.9918115666616326,0.0011697204806591548,0.0011704028191271488,0.001169528656761023,0.001169507310266488,0.0011699293016369059,5043361
0.00023614622508406837,0.00023616087368447737,0.0002362024200355904,0.9983466044702225,0.00023621519497515133,0.00023619062290633472,0.0002362049100438412,0.0002362752830480934,4949449
0.00048528758547109537,0.00048533065250681265,0.0004854739254001247,0.5974866133168739,0.00048551278640494605,0.00048518979216629027,0.39960122067141013,0.00048537126976667044,4938511
0.0002738824234807046,0.0002739312826555795,0.0002739178652523774,0.7584884748878901,0.00027392055180745095,0.0002738461863412764,0.2398681193643784,0.000273907438194243,4925182
0.0001356147899808325,0.0001355910312571401,0.999050697493653,0.00013566980291479085,0.00013563023918437638,0.00013558882963905325,0.0001355988930323477,0.00013560892033842288,4815728
0.0004813580107860327,0.00048186722772968827,0.000481343080622986,0.9966295935188697,0.00048138959569050396,0.0004813482956439217,0.0004816442377454147,0.0004814560329118366,4918636
0.1332537270224119,0.00011912488443451146,0.00011914416115495206,0.3947394038895135,0.2743033581545757,0.00011908750506122183,0.00011912179644243509,0.19722703258640584,4807733
0.2130838573789024,0.0005109348174098585,0.0005111048632675275,0.4893753199459394,0.0005111949861613051,0.0005109249492673177,0.000510975540396572,0.29498568751865556,4994512
0.997088701355578,0.0004157400810779733,0.00041600142671271073,0.00041592077631779847,0.0004161444679713951,0.00041580584426984224,0.000415813300170429,0.0004158727479018348,4917364
0.00024937258542930994,0.0002493925350320195,0.00024941547816198365,0.9982543185740609,0.0002493702311579044,0.00024936510811857224,0.00024939244422837677,0.0002493730438109143,4865510
0.9962231276095239,0.0005394046090145706,0.0005395389072576318,0.0005396094339087348,0.0005396307700078801,0.0005396758944070032,0.0005394052053908134,0.0005396075704893845,4993090
0.0002140202557093818,0.2450818199357282,0.0002139987772536028,0.1783823397523936,0.00021395674282214481,0.0002139841072544147,0.5754658958769712,0.00021398455186752007,5047936
0.0007071384087570854,0.0007076627851298824,0.0007068675169578768,0.0007071472064010113,0.0007070394737004358,0.0007070729222263638,0.0007075175067583796,0.9950495541800688,5028397
0.004471776392510305,0.004468604701953064,0.004471273010544633,0.004471695827843917,0.004469260198740718,0.004467414750535924,0.9687114546443714,0.004468520473500062,4922923
0.000955665176997127,0.0009549077134184888,0.0009550543560250436,0.0009558690296526053,0.0009554700853633116,0.9933125607747607,0.0009551115930562622,0.0009553612707263673,4943851
0.0026649313297203844,0.002662552855787011,0.0026637879936799195,0.6939662210031016,0.0026629683521864414,0.002663267045618549,0.2900525684032495,0.0026637030166565875,5012179
0.00045523731578364114,0.00045521883453371445,0.00045519607031497134,0.0004553638611111761,0.9968135128346814,0.00045519976215965135,0.00045512612059627074,0.00045514520081924015,5104208
0.0012389408683335236,0.0012389505940154347,0.0012391934737368989,0.0012397273095213427,0.0012392075528176304,0.9913253355476047,0.0012393895283893197,0.0012392551255811996,5051407
0.0008403550496203897,0.994117971565585,0.0008403662544203182,0.0008408070554345608,0.0008401534123843326,0.0008401258932041062,0.0008402861518436259,0.0008399346175076245,5104013
0.0022783240723943574,0.002276339458094119,0.9840642180370859,0.00227674886162921,0.002276617698801968,0.0022752893839415155,0.0022759938038312017,0.002276468684221677,5050258
0.28062627310547117,0.0005109109990397487,0.0005110392860113653,0.7163079075918811,0.0005110153551687307,0.000511063061676591,0.0005109248140875159,0.0005108657866637639,4918219
0.00041167951958249506,0.0004117335743272375,0.0004117187807481821,0.00041177052351527144,0.997118044856714,0.00041180380029616037,0.0004116391575359022,0.00041160978728070516,5051089
0.000993999855164534,0.9930434338218518,0.0009939771355294078,0.0009939293492860562,0.0009936792106698962,0.0009932412473040958,0.000993855582127742,0.0009938837980663737,4998583
0.1960151321094339,0.0002663701834884542,0.00026641804863614544,0.4556939483591817,0.07204481961663818,0.00026638004659595407,0.0002664180903952407,0.27518051354563056,4907359
0.7081872230553916,0.041667545074322576,0.041666669943567304,0.04173293161735541,0.041667245380769116,0.04170066879796487,0.0416666702763425,0.041711045854286664,4777469
0.0008880194226155129,0.0008876109813688092,0.8343908823187989,0.0008879644653317259,0.0008878633516784005,0.0008879439997047365,0.16028152749418767,0.0008881879663143544,7888600
0.0008813144992679859,0.000881104851567134,0.0008812851735634522,0.9938303859344592,0.0008818492980711809,0.0008813876921201586,0.0008810327313231169,0.0008816398196278761,4960447
0.0010092699981261565,0.0010093648033901426,0.0010102154575356557,0.9929334026585368,0.001009285060044335,0.0010094676120040427,0.001009383594155065,0.001009610816207701,4924027
0.0013459527501934678,0.0013457224868198556,0.0013456516351861986,0.001345678687861105,0.0013457447842145683,0.990579361838669,0.0013457459701847379,0.0013461418468709147,4939678
0.003913563676164985,0.003909249975382247,0.9726156452974417,0.003912012982348364,0.0039120424091134585,0.003913882888109361,0.003910493691280758,0.003913109080159063,5032951
0.0013762221746531373,0.0013750447163368169,0.0013772733548488506,0.001376456955558799,0.9903674260095207,0.001375405084193667,0.0013757919123880149,0.0013763797924999969,5027530
0.0004705879844332104,0.00047045760577806126,0.00047061099954304213,0.00047066997490686347,0.0004704792501136784,0.00047048459488028014,0.0004705886857475116,0.9967061209045973,5104679
0.0009006778770941948,0.0009016911586667086,0.0009007645624613575,0.43715870343390006,0.0009002280524293519,0.0009011010969726189,0.0009007605808232004,0.5574360732376527,5018197
0.0002018503664588612,0.00020178283127854333,0.00020186317940216393,0.00020193918714834437,0.00020183967664823095,0.9985870497769284,0.00020181549917454614,0.00020185948296089462,5116931
0.0009202244378685297,0.0009206232404872421,0.0009202877075607453,0.24096851855411014,0.7535095754990674,0.000920183794189985,0.0009203163299360298,0.0009202704367799355,4939942
0.002195667610921093,0.0021954819877999052,0.0021962652940628645,0.0021977932100519975,0.002195841221267743,0.002196185000925737,0.0021957896897336587,0.9846269759852371,5082970
0.1150335327226319,0.000993845557531632,0.2557051328989283,0.4921080714712391,0.0009939623749155976,0.13317803354366786,0.0009936073532823767,0.0009938140778031912,5055655
0.000502779441601034,0.0005027249844983948,0.0005028675789087201,0.0005028911069655307,0.9964804393120705,0.0005028114665965735,0.0005027806079012468,0.0005027055014578817,5077207
0.0010433764049270283,0.0010430396006157448,0.0010430153891496051,0.9926955199445836,0.0010435144163188667,0.0010436695637183952,0.0010438869706844382,0.0010439777100022909,4967176
0.0027226969631104075,0.45689540100691245,0.0027220997809943135,0.5267744553492557,0.0027197055432652507,0.0027192215308018625,0.002724590175253431,0.0027218296504066073,5085631
0.0003900470516928297,0.0003898347727066033,0.0003901133823509364,0.00039016311796859015,0.0003900944355646198,0.0003899953974294996,0.9972696948045855,0.000390057037701322,4924210
0.9992466725938817,0.00010760935745775826,0.00010760478033666269,0.00010764597436554252,0.00010760954406761047,0.00010761615802217349,0.00010762015532750063,0.00010762143654104609,4829483
0.125,0.125,0.125,0.125,0.125,0.125,0.125,0.125,5079979
9.600575052122615e-05,9.597950293972356e-05,9.601549906272041e-05,0.8212991306373091,0.07563140194499635,9.597859064258205e-05,9.599959905670496e-05,0.10258948847547164,4945153
0.02588577971956311,0.21621644443312066,0.155365663975458,0.381875273098443,0.0005933196515715485,0.0005932838784839013,0.21887688970919453,0.0005933455341652731,4776677
0.000316835962948178,0.9977819746038757,0.0003167959464237123,0.0003169925400604918,0.0003168725209993815,0.0003167717853492239,0.0003168806646555165,0.0003168759756876644,4907179
0.125,0.125,0.125,0.125,0.125,0.125,0.125,0.125,4933999
0.0012033389294724838,0.0012031432371211205,0.0012033345015849172,0.0012038163553282808,0.0012033680281092135,0.001202937040486825,0.9915764538414391,0.001203608066458005,4939708
0.011378260381642975,0.011368526069262662,0.011374164001410447,0.011380648011478114,0.011376823440862846,0.011382817297453666,0.26459659006066777,0.6671421707372216,4940767
0.961889592202413,0.0054460950010548174,0.005442144689879381,0.005442875441749364,0.005450841472283083,0.0054458132157663335,0.005440153491620303,0.005442484485233732,5060860
0.006256056475201776,0.006256511675902589,0.00626116998307669,0.9561790914261832,0.006265400059342417,0.006263175064763897,0.0062598420883097595,0.006258753227219596,4926565
0.27416429712208834,0.0003936551762337994,0.0003935695766916527,0.7234740364958361,0.0003936429510509602,0.0003935245170433901,0.0003935663438129575,0.0003937078172426823,5004910
0.8904922868362751,0.015647658201932618,0.015646545749231786,0.015656155896627468,0.015641436133507585,0.015641671807718516,0.0156297771646361,0.015644468210070758,4945711
0.3131569301670526,0.0002686185044805985,0.00026870149020902353,0.6852310878344589,0.0002686339138307617,0.0002686863781776765,0.00026857429309596123,0.00026876741869462584,5048527
0.005226912444688101,0.9634661738296567,0.0052210134515927615,0.005214009354098793,0.00522043773278392,0.005215286470464528,0.005221168268833047,0.005214998447882009,5001379
0.0007074792847159653,0.0007070623708244864,0.0007071638618981316,0.7211277609950698,0.0007071327012610263,0.0007070697927040081,0.0007076823482156337,0.2746286486453108,4951816
0.002503651115376084,0.0025032233171522252,0.002504121646700163,0.0025034460820938255,0.9824750775532037,0.0025031851738373267,0.0025024484373646107,0.0025048466742721947,17934851
0.0008127855380100215,0.0008132027062231405,0.9329079843765049,0.00081307713782779,0.062213353047545175,0.0008137508154034931,0.0008130899484824325,0.0008127564300030707,4967947
0.004314752890618341,0.004314522082997942,0.004316308812150949,0.0043154215347558185,0.004328213676454902,0.004315407287786441,0.9697806589563785,0.0043147147588570274,5090465
0.2692685444836735,0.0024541931712624035,0.20664880280553974,0.5118108852909679,0.0024531730295750177,0.0024546169559736585,0.002455168917011289,0.0024546153459964865,4978693
0.00041306682245951143,0.00041318518842823455,0.9971076365428326,0.0004133956129329479,0.0004132467594126059,0.0004130331007121487,0.000413309385587609,0.0004131265876342841,4935379
0.0002484191174830717,0.0002485003396049675,0.0391708823788063,0.4274276661328933,0.00024836324471755637,0.000248298431580396,0.5321594896008406,0.000248380754073824,5023786
4.235434369551394e-05,4.2344748903044186e-05,4.235505935992386e-05,0.5881183373299053,0.10103208134273753,4.2339937275718656e-05,0.3106378321224392,4.23551156838481e-05,4977730
0.0015454642598122486,0.001545042278422164,0.0015455422052960237,0.0015459511648661147,0.001545113752403846,0.001545039646888383,0.0015448280043105869,0.9891830186880005,5117555
0.00024214213450339094,0.00024217715802627454,0.00024215877018658686,0.3669200178199564,0.00024213114211588276,0.00024216247431280776,0.6316270056861706,0.00024220481472792937,4752572
0.0006045274748936752,0.9957679928697359,0.0006046266883444123,0.0006046286055657381,0.000604619686308473,0.0006044254454753455,0.0006047204249362217,0.0006044588047403095,5050003
0.04581001983720819,0.0007631419369935169,0.0007635094272790102,0.458754645486745,0.15424988130821596,0.0007634612076169247,0.3381316674660429,0.0007636733298985728,5066737
0.4437842039994055,0.0020852808247069443,0.002086332752847333,0.5436995919582567,0.0020859354895831944,0.002085514561673461,0.0020872637857020757,0.002085876627824971,5060086
0.00013040826942889775,0.00013041174264029684,0.00013041601801585149,0.9990871520906778,0.00013040623066246828,0.00013039410796033475,0.00013041266773112581,0.0001303988728833147,4940047
0.0009007872964995499,0.0009008099155288176,0.2905160785830908,0.704079355678792,0.0009006774747715151,0.000900539601336237,0.0009008770188647922,0.0009008744311164191,4985017
0.001052051346471757,0.9926357379007857,0.0010519869338027812,0.0010523291336215215,0.0010521442567073816,0.0010518003151243848,0.0010517652255973657,0.0010521848878889265,4944334
0.00069989405242712,0.0006992533169648572,0.34520900228937174,0.0006996745049338229,0.6505940081580096,0.0006993080225228857,0.0006994720693600758,0.0006993875864099173,4912564
0.002663358954534643,0.00266153692982245,0.9813582406842268,0.0026626995425955736,0.0026642123160291603,0.002662143742578619,0.0026631137271115246,0.0026646941031011244,5103935
0.9618927506085266,0.005439007540156028,0.005444859957648267,0.005444531817626084,0.005445906792469196,0.00544158587932792,0.005444985189964136,0.005446372214281704,5108333
0.0016911760885456827,0.0016909230986134891,0.0016914109643497862,0.9881605288927965,0.0016915194647365423,0.0016916628956387052,0.0016913099411163476,0.001691468654202894,5095094
0.1642351319509155,0.0013903575325646528,0.12365840567166184,0.7051522729105992,0.0013909032875231615,0.0013913084488127456,0.001390530414228591,0.0013910897836943445,4953283
0.0008516119393365344,0.000851330680363129,0.9940393620354234,0.0008517715061389579,0.0008516643885158327,0.0008513943852533841,0.0008514718577673681,0.0008513932072015025,5074096
7.225911112167068e-05,7.224898784671911e-05,7.230838387031082e-05,0.9994940897710323,7.226920677512752e-05,7.227719753217759e-05,7.226889307697002e-05,7.227844874471892e-05,4828082
0.0008755282808852377,0.0008759068768208298,0.0008754717579307159,0.48193832342233367,0.0008753398916878748,0.000875000036919715,0.5128089484612081,0.0008754812722138848,5110907
0.0004966977223877324,0.0004964823888946512,0.0004967522538513381,0.0004968082901327448,0.000496599450373006,0.0004969603712498858,0.0004965249528983283,0.9965231745702123,4917307
3.0048581479898033e-05,0.0015480734514719055,0.0864122514974071,0.2783193461199009,0.4833968612527131,3.0041045490904625e-05,3.0049630460686136e-05,0.15023332842107567,4974925
0.0010696671205201835,0.9925117385321668,0.0010697308614489205,0.0010701162625946729,0.0010700271724778047,0.0010695838107752681,0.0010694546115821246,0.0010696816284342249,5014864
0.9663089379313385,0.004813003690631067,0.004811822035604489,0.004819558799605434,0.004812032902572706,0.004811749011363409,0.004812398876898253,0.0048104967519862225,5081194
0.00568975592799667,0.005686866506411684,0.9601779519192893,0.005694538541505997,0.005686829197107256,0.005685861193870261,0.005687288929418349,0.005690907784400363,5027881
0.0011689829851096519,0.0011689762995411074,0.991816694737718,0.001169341266072609,0.0011691097117180963,0.0011689085977919097,0.0011690539731935238,0.0011689324288550599,5055991
0.002051298907020404,0.9856400405834269,0.0020515647217734683,0.0020517080730754014,0.0020509968845457893,0.0020509391516921357,0.0020519983528208474,0.002051453325644983,4931665
0.00015968126524751382,0.00015962168839256662,0.3738006088909786,0.6252413044018833,0.0001596939866510078,0.00015969610734153366,0.00015967800804308008,0.00015971565146235376,4929925
0.0019550109570108895,0.0019563470705082106,0.001956289348977834,0.42896040891581605,0.00195612885829647,0.00195497155583519,0.44888112835604727,0.11237971493750823,5103983
0.0011689829851096519,0.0011689762995411074,0.991816694737718,0.001169341266072609,0.0011691097117180963,0.0011689085977919097,0.0011690539731935238,0.0011689324288550599,5055997
0.0034766877823074684,0.003476974308449253,0.0034797595605448764,0.0034779162987695115,0.9756591656900918,0.0034772592051188767,0.0034750540416240133,0.003477183113093895,4914421
0.0014390050326743935,0.0014390564953003435,0.0014390827225221148,0.0014393319469393955,0.9899273301087802,0.001438765802047358,0.0014382797368891044,0.0014391481548470706,44022420
0.0016473572946323163,0.0016472167704228823,0.0016476080418496811,0.0016480476532821499,0.0016469174674792072,0.0016479918504407034,0.0016473504706490986,0.9884675104512439,5104001
0.9879951192327827,0.0017141248075315592,0.0017153188084006123,0.0017158183746750094,0.0017151559297092472,0.0017149618548193192,0.0017155227928539168,0.0017139781992275744,5084119
0.0014901568427019725,0.0014899218306499938,0.001490323376247805,0.0014903157303833672,0.9895682843783433,0.0014905902470761208,0.0014895478085862497,0.0014908597860113,4953406
0.0018968543515940268,0.001897106624007021,0.0018966194158426255,0.0018970692374070497,0.001896902879112313,0.00189649899318053,0.001895947999856643,0.9867230004989996,5019733
0.00043174621844705043,0.5789907507353017,0.0004317448228778571,0.4184190397534359,0.0004317329479096236,0.0004316259961752674,0.00043178798026118835,0.000431571545591377,4913338
0.013915353565968118,0.013894407262706356,0.013908428751692913,0.013903459183261099,0.013929002461136169,0.013919217318715265,0.013925844229498007,0.902604287227022,4940962
0.0001919016237475967,0.00019195893594638687,0.00019191739355542767,0.00019192043758292326,0.0001919163133763749,0.00019189196975961245,0.9986566017014344,0.0001918916245972067,4964830
0.9976512375938803,0.00033546626542799846,0.0003355305480172132,0.00033562661375799387,0.000335563032482222,0.0003354591773298207,0.0003355307892133223,0.00033558597989115444,5104625
0.0004119149641803854,0.0004117422703149459,0.22578793501718208,0.771740926058055,0.00041190337399388645,0.0004117906254892303,0.0004118655614553123,0.0004119221293293636,5050837
0.0008458698153286465,0.000845736181819515,0.9940802870260141,0.0008456877703215895,0.000845506482035584,0.0008456335604377984,0.0008455769903381388,0.0008457021737044335,4924441
0.06891043870631958,0.0008574481090232782,0.39753705213522544,0.529264664836527,0.0008581728572714215,0.0008573799256713446,0.0008574002653110864,0.0008574431646508921,5071402
0.9920370796886105,0.0011375634093012505,0.0011375780588483613,0.001137762152249366,0.0011375477167998714,0.0011374256591760545,0.0011376709802800864,0.0011373723347344105,4999717
0.0005640368444970746,0.03529018964958839,0.0005637450897245395,0.0005640257354600714,0.9613264540679438,0.0005638009869890985,0.000563874222828591,0.0005638734029684725,4920205
0.005962469691606731,0.005965038078595361,0.0059623809817643475,0.5862181262655208,0.005958546344736283,0.005960568329333755,0.3780099600935314,0.0059629102149111645,5009248
0.015633307852446283,0.015628443331550848,0.01563323272753678,0.015640676194448866,0.015631917872176347,0.015636144359811834,0.890561857859246,0.01563441980278304,4949797
0.002553816693670395,0.0025540455240901545,0.002555857155978345,0.0025553227608090313,0.0025571180310969706,0.002553594062084266,0.0025547414478853453,0.9821155043243855,5053423
0.0035768190793265065,0.0035761187973053434,0.003575307761952067,0.919859456321132,0.0035751137561613657,0.058686248048761436,0.003574780625536614,0.0035761556098248453,4960999
0.000504762574439785,0.0005044998550661807,0.0005047756600350678,0.0005047295959206238,0.000504952812939856,0.0005045622738227691,0.9964669736636123,0.000504743564163569,5029003
0.0013911330485347412,0.22466678009564792,0.0013907473952978336,0.3489005007691549,0.0013911759222048278,0.0013904307132447894,0.3771967952648398,0.04367243679107505,4929760
0.003297448184350613,0.0032925956746718255,0.9769399354917166,0.0032943824041739953,0.0032943138868989593,0.003292889381523385,0.003294310137083459,0.003294124839581235,4912300
0.08758897012769723,0.0005931466562765811,0.23642073262870267,0.6730235151155415,0.0005932375762613597,0.0005934022386359045,0.0005934933185384862,0.0005935023383462971,4946389
0.0011072769145954841,0.0011068754192744496,0.0011077892196996713,0.0011077405627842633,0.00110795259440972,0.001107530615668494,0.0011072212246181626,0.9922476134489497,4991977
0.013917153944885281,0.013897785437359624,0.3858255451779051,0.5307087132582884,0.01391001698330315,0.013932859809880224,0.013902316375991696,0.013905609012386628,4949884
0.0018679314667625067,0.001867478442753181,0.0018677630815483626,0.0018680602184499245,0.0018693016301571338,0.9869234410457173,0.001868107363180124,0.0018679167514313627,5004094
0.0012773990247084183,0.0012781931856200082,0.0012767130081044887,0.0012772338572517648,0.0012770854220289648,0.001276650674201888,0.0012777308161827949,0.9910589940119017,4916998
0.0002892468938364731,0.00028906837077427426,0.0002891254735022014,0.737349146724307,0.0002891795532358591,0.0002890228619619324,0.260916004168175,0.00028920595420734845,4909234
0.004634192751667707,0.9675543947368203,0.004638360920860737,0.004635886814903964,0.0046350917095478094,0.004633617872090443,0.004635774891158365,0.004632680302950835,5117699
0.125,0.125,0.125,0.125,0.125,0.125,0.125,0.125,4828631
0.003477316924109748,0.9756585008479187,0.0034776499718800246,0.003478988367920867,0.0034766579162564624,0.0034747201562816635,0.003476839706851051,0.003479326108781448,5104379
0.000596230023774799,0.0005960789284671924,0.0005963377654914674,0.9958263754977519,0.0005965123596277076,0.0005960489020511622,0.000596063939675735,0.0005963525831602447,4962094
0.0016468513651388445,0.0016463037148796958,0.0016475606683023047,0.0016478978515014407,0.0016468887187898918,0.9884700570815118,0.0016471373314731195,0.0016473032684030363,4968127
0.005216336624472126,0.005216781887578087,0.005215315456586959,0.005218858737909039,0.6665749133636416,0.3021220058978486,0.0052165903446894715,0.005219197687274177,4994137
0.07743576843773155,0.09306019866983015,0.0012518219841776475,0.527858374422128,0.29663719148460477,0.0012519882251687696,0.0012525525760299738,0.0012521042003291753,5055952
0.0006456482904246065,0.0006451657594864456,0.0006453087544588977,0.6889706326253002,0.0006450747367134507,0.0006451096366498361,0.0006450521571344201,0.3071580080398321,5025751
0.0001814785308944933,0.00018143989181490286,0.2617978298168804,0.7371133945642135,0.00018147395193279805,0.00018144288224557805,0.00018152177666411697,0.00018141858535429008,5020063
0.0013900000535499194,0.0013911346846542572,0.0013904944540826184,0.0013906252207973612,0.001390559331336517,0.0013902300757572508,0.990266293055675,0.0013906631241470664,5104028
5.2441912464518116e-05,5.243640475438778e-05,5.2437975089113084e-05,0.9996329072144521,5.246299463367466e-05,5.2437106457492886e-05,5.243601239880294e-05,5.244037974997034e-05,4946401
0.0004130813394455755,0.0004129308931603548,0.00041305156032590384,0.48963332649452135,0.5078884640514318,0.0004130725687968724,0.00041309371187520647,0.00041297938044296945,4946188
0.0006227881838776431,0.0006228053672347114,0.0006227699752160972,0.0006229750251677366,0.0006228908364237748,0.9956404520194082,0.0006226015569003699,0.0006227170357714363,5033800
0.010430378983134448,0.010424732808570472,0.010424969159881718,0.010429791426755606,0.010445093036359125,0.010421556942915702,0.010431724133237714,0.9269917535091451,4941829
0.004036782939103817,0.0040353921231593825,0.4443256813648736,0.004040946101130802,0.5314478198100459,0.004037759742905995,0.00403701798515963,0.004038599933620951,32472148
0.00036502799445474086,0.2684140376959366,0.00036499094193043533,0.6835621554778812,0.0003650058738488929,0.00036495259272960616,0.046198825024476205,0.0003650043987422816,4954498
0.0008125411854595873,0.0008122163255701292,0.0008127022959198899,0.0008128183539130188,0.0008127191177464249,0.0008124481222453269,0.994311412608881,0.0008131419902644658,5095934
0.0021226191837653264,0.002121159418211824,0.9851457110915635,0.002121887451624053,0.0021215503296779137,0.0021222003930225102,0.002121244277826153,0.0021236278543087365,5102135
0.987118935880154,0.0018398879848462706,0.0018400201021096163,0.0018405460147758379,0.0018397864311633667,0.0018402157776651632,0.0018402554026319374,0.0018403524066536044,5104580
0.00025385939814191223,0.00025383019670749814,0.0002538991982410073,0.0002539303254347121,0.9982228640886718,0.00025387354492661224,0.0002538907884737734,0.00025385245940267117,5094914
0.007818673546307907,0.00781830284384856,0.007819360584263283,0.9452667037444542,0.007817661524047618,0.007819034567663028,0.007820657547316645,0.00781960564209879,5083699
0.0005326825248146603,0.0005325519192933648,0.0005327333605388317,0.0005327801654890839,0.0005328386021052741,0.0005326966007376986,0.0005326921567605884,0.9962710246702604,5073769
0.0004456128983799966,0.0004454551060161765,0.33881474940966344,0.4918194387759575,0.0004456604603863737,0.00044547431918074386,0.0004455259857762962,0.1671380830446395,5049211
0.0028453933850736213,0.0028430734749713316,0.9800843183904588,0.0028445899506395166,0.002846280014108913,0.002843728347609065,0.0028441685703619072,0.002848447866776739,4910395
0.002406999458249693,0.0024080792119916495,0.002405537147546206,0.0024082602939143366,0.002406238388718271,0.0024062893572744616,0.9831521251713287,0.0024064709709767764,5114075
0.0007279651980823907,0.0007277549721215279,0.0007277256713223659,0.0007281725860814317,0.9949049414665947,0.0007276032774592831,0.0007279423390068987,0.0007278944893313774,5054179
0.0008758257660080561,0.0008755706019199926,0.3698814724632728,0.4298938136772214,0.000875758402865511,0.0008752949563530298,0.19584666533193298,0.0008755988004262487,5100902
0.00176267984457929,0.0017630445348269877,0.0017631640361188427,0.98765550967818,0.001763510243047456,0.0017637542144431331,0.0017635710932815015,0.0017647663555226405,4979770
0.9848885370548102,0.002158326939751585,0.002160823510401108,0.0021598562075107585,0.002158097736220385,0.002157444995780571,0.0021576224130353643,0.0021592911424900534,5104037
0.001815044710873029,0.0018140343387908603,0.9873006831338516,0.0018144468610644714,0.0018137281554424947,0.00181405679339082,0.0018138555232503262,0.0018141504833365145,5001502
0.0007072712914306406,0.0007071039282203447,0.9950492147760613,0.0007072703820181262,0.0007075082592330243,0.0007070732787760834,0.0007071782336640276,0.00070737985059652,5002069
0.0008348794954036863,0.0008344989478297125,0.00083431007597928,0.9127868777053706,0.08220585814785833,0.0008344194840253708,0.0008346215351145632,0.0008345346084183698,5050816
0.005686182011083805,0.005690589481060006,0.9601867563518716,0.005687759562485975,0.005685942486556173,0.005685038691789895,0.005687704724085059,0.005690026691067591,5057212
0.0013614058151644962,0.0013608680737795093,0.00136195711005968,0.9904717563195354,0.0013615584848134339,0.0013603238567471523,0.0013609585867558219,0.0013611717531445623,5030554
0.002087359910733338,0.9853944497445832,0.0020861937393684814,0.0020869563988930853,0.0020868524753150566,0.0020859603240625923,0.0020861889493658707,0.0020860384576783953,5088064
0.0026619455048372087,0.0026607641062167194,0.9813635057251124,0.0026622280078706004,0.0026623316160259668,0.0026618720161886503,0.002664225100173143,0.0026631279235751464,5113484
0.0007073942493359671,0.0007070205665391116,0.0007075573703023021,0.9950495761443695,0.0007070667999746399,0.0007069924136757954,0.0007071699692904191,0.0007072224865121686,5047471
0.0006291817204726471,0.0006292959423612308,0.570065649350847,0.000629382045384787,0.0006293430016585347,0.19942756676767476,0.22736056100291208,0.0006290201686888734,5036989
0.0005324703040776508,0.4094094286135867,0.3825442694353438,0.0005326829755501634,0.0005329055417986119,0.0005323664463938985,0.20538324585348208,0.0005326308297670198,4937746
0.002121729601370078,0.002122018549150546,0.002121668718121239,0.0021220219724906635,0.002122394999331227,0.0021223559933314026,0.0021211089877494916,0.9851467011784554,4990054
0.008944068410994913,0.00894197973681306,0.00894131200786822,0.008939213423998013,0.9374055474676647,0.008948712508720076,0.008946347523257356,0.008932818920683656,13634049
0.002846939122836838,0.002844991258385428,0.0028465571506308233,0.9800847491139825,0.0028426955335559573,0.0028457756415323806,0.0028440723264259145,0.0028442198526500277,4958650
0.1715048506219923,0.00013538259173574298,0.08733852651823008,0.4005142952036947,0.00013532927309465733,0.00013532021059442644,0.340100942561415,0.00013535301924318176,4955755
0.0007030951234826251,0.0007035272445084957,0.0007033838087997057,0.6871442069884828,0.11027707104074808,0.0007030027567049096,0.19906210964017915,0.000703603397094191,5082778
0.0005067428546011469,0.0005066501424391388,0.0005069522748631102,0.772198315669725,0.22476097820597593,0.0005068144133641807,0.00050669739928698,0.0005068490397444435,5050849
0.0006840828051045714,0.0006837958229389408,0.0006841378598272215,0.0006841476270892348,0.0006841240813417118,0.0006839325672482961,0.0006840187730650914,0.9952117604633851,5101361
0.0013760748421082526,0.0013761127758675613,0.0013757787136171303,0.43329414747209155,0.0013756546434512094,0.001375318346613958,0.0013772599251020837,0.5584496532811483,4923691
0.012975001498019894,0.00019842369065695348,0.2137876601056872,0.772245340430141,0.0001984204745747161,0.0001984232035084554,0.000198319092641377,0.00019841150477031076,4916824
0.9879931416900778,0.001715495278186707,0.0017155745375558526,0.0017161686781574734,0.0017143510632336885,0.0017147047908198842,0.0017152716780289973,0.0017152922839397259,5045584
0.0011176844687452718,0.001117447792897962,0.0011176467968929417,0.0011179002930617177,0.0011176490952156941,0.9921756659597707,0.00111813633704778,0.0011178692563678803,4964683
0.30764469610728273,0.0018679587764002883,0.6811451358595246,0.0018688603690122172,0.0018688243387729852,0.0018679625436150626,0.0018683795162404884,0.0018681824891515824,4927591
0.000260174578845311,0.00026018148460136864,0.0002602748110502242,0.0002603349314679218,0.00026032284239707934,0.9981782812347288,0.0002602405513311229,0.00026018956557812185,5089454
0.0013035571127941977,0.001303724635559011,0.0013042048881063493,0.0013038752664158544,0.0013039963081753966,0.9908728041191344,0.0013035461311430015,0.0013042915386719698,4907056
0.0003355595812022506,0.0003355785130974201,0.00033560571354441994,0.0003357912654342539,0.00033553576523034034,0.0003355289676940514,0.00033565673225772493,0.9976507434615396,4950880
0.0007497095911448338,0.0007494075849246434,0.0007495219285875168,0.0007499033831629195,0.0007495700563289337,0.0007492069465890579,0.0007494574304405432,0.9947532230788216,4938541
0.002237349497673254,0.0022376594831862136,0.0022370257914547703,0.0022372400990202223,0.00223642843384889,0.0022356730230304197,0.3694156275932893,0.617162996078497,4943413
0.0016042461009951206,0.001603991233037484,0.001604541542624462,0.0016056228443335776,0.0016061743524666584,0.0016047379599578092,0.9887654750875295,0.0016052108790552992,5036710
0.0005639637292536544,0.0005640199342536602,0.0005638806128875783,0.7578214809879809,0.23879480296239175,0.0005639385645506849,0.0005639058068107996,0.0005640074018710698,4976800
0.09300851469113766,0.0009272805320304047,0.35681776163975465,0.5455372369977347,0.00092711941542099,0.0009272061681276949,0.0009276684712531485,0.0009272120845408596,5091125
0.0003770986342958853,0.00037735333851076155,0.0003770654743230454,0.6157180591533999,0.00037701477659292224,0.23622399052721946,0.00037725491796024795,0.14617216317769768,4920298
0.0007322142329067514,0.000732004383339065,0.6252570794369123,0.37035017961265454,0.0007321208779495189,0.0007319726681303874,0.0007320598702370591,0.000732368917870455,5060884
0.0009271719476005594,0.0009269758405593507,0.0009271793964456345,0.0009274422709740021,0.000927010483561935,0.0009268655538800007,0.0009270056904583822,0.9935103488165202,4953541
0.0010788102841220739,0.00107866807153778,0.9924476084085533,0.0010788982585881654,0.0010791098680672615,0.0010788311059636859,0.0010791185724674949,0.0010789554307002742,5042020
0.00048710773059376335,0.0004870490764397716,0.0004871988687314993,0.9965898547732518,0.00048722300635428353,0.0004871358005805278,0.00048722745096830525,0.00048720329308010415,5085763
0.0010094093452333711,0.0010091447745589645,0.0010090951156321289,0.0010095455274312152,0.001009922221165502,0.9929343368963404,0.0010093465656820385,0.0010091995539563573,5076100
0.000818870508571484,0.0008180752369148818,0.0008183857401168568,0.0008182422051908024,0.000818486228743713,0.0008187093073130809,0.994270813747968,0.000818417025181059,4924303
0.0009482862188959249,0.0009486989954693093,0.0009481500928654674,0.0009490145661719871,0.0009481917393360929,0.0009480084841100488,0.0009486433461271442,0.9933610065570241,5005840
0.0005132606690875639,0.0005130426657457424,0.0005132875590039833,0.7727906864626295,0.0005129964923975625,0.0005130757279024125,0.22413052163586666,0.0005131287873664838,4939720
0.0019251350671422242,0.0019245530297873847,0.9865218453735963,0.0019272105505149315,0.001925669447651488,0.001924432636768926,0.0019260679986416466,0.001925085895897105,5060716
0.0012769645493321197,0.0012766916610665983,0.0012772846700110669,0.0012776818482682602,0.0012771526212195154,0.00127704726324601,0.0012775372304237689,0.9910596401564328,4978771
0.0007677335070955675,0.000768162317668296,0.0007677482409937669,0.0007678467691203587,0.0007675572715077835,0.0007676946165846596,0.0007685108592438641,0.9946247464177855,5004742
0.13959215427759009,0.03136043731551859,0.00034691085076444297,0.45037550427080775,0.0003469019271129233,0.0003468276257612239,0.3772843670114207,0.00034689672102432544,4956796
0.0034758211180865774,0.003475343014224804,0.003477027675620757,0.0034757145689172327,0.9756673746613745,0.003475668393010453,0.0034755374230135924,0.003477513145752179,5003650
0.9949638764905273,0.0007193796648016057,0.0007194941407561435,0.0007194621961636073,0.0007192189181971183,0.0007193578362459314,0.0007198787169415416,0.0007193320363667053,4969609
0.12609013395587898,0.2721890873073311,0.00037609395956792293,0.31011933211112797,0.018196604566715735,0.00037581665794638857,0.27227687114414717,0.0003760602972846834,5116244
0.0009551860765424799,0.0009558433579514646,0.9933095361419826,0.0009560839393352935,0.0009559460194034147,0.0009558279753209594,0.0009555634495010513,0.0009560130399629514,4940674
0.9619112577347693,0.005444349618996979,0.005442702078119517,0.005441806386621242,0.005439654713401783,0.005436262732729041,0.0054400869086109,0.005443879826751348,5663020
0.0018962769958427315,0.0018979372150534446,0.0018964038653689571,0.0018970550104066314,0.0018956538587355447,0.0018967363759190624,0.9867240805298413,0.001895856148832455,4911331
0.00894444757280227,0.008940205516555711,0.008938416996099803,0.5122306457391341,0.0089352542560455,0.008944663656876208,0.43412195481524285,0.00894441144724359,5037379
0.011386487595818383,0.011373836095028003,0.9203342073962474,0.011386395210731915,0.011381623515941951,0.011384976293807188,0.011370603085955954,0.011381870806469328,7659652
0.0002858146194777495,0.00028572198164128633,0.00028587117310186383,0.8318432053816388,0.16644190742056134,0.00028591987144562983,0.000285755109830186,0.00028580444230308057,5025730
0.0015081166458511405,0.001508806338325383,0.0015084689241283142,0.6790037107233419,0.09993653627063483,0.0015088587751169373,0.21351708539769926,0.0015084169249022657,5067007
0.18770894367196655,0.0014060526105701598,0.3388806202995267,0.4356959998948382,0.0014069147350182529,0.03208841631291609,0.0014063076472470488,0.0014067448279169888,5012140
0.98876670782975,0.0016060128172526178,0.0016039396483126607,0.00160487637379591,0.0016040994119859377,0.0016045758769027475,0.001605016921580001,0.00160477112041992,5000404
0.0023203352436321637,0.9837661950532718,0.0023195718667632565,0.00231897791612022,0.002319510691644204,0.0023211632044836373,0.0023165855344850013,0.0023176604895996616,4962928
0.00011700582105602075,0.0001169871041708528,0.4947536199680377,0.5045443991299227,0.00011701166621083142,0.00011699792831729844,0.0001169883824940801,0.00011698999979067205,5016523
0.000285083651513508,0.0002849917099686503,0.0002850977476605228,0.0002852164374770546,0.0002850629957531911,0.998004508641297,0.0002849920875493211,0.000285046728780868,5050375
0.0009073060654028955,0.0009069541222472877,0.0009074224909194141,0.9936494930671536,0.0009077446882050502,0.0009068960110532358,0.0009072219193814096,0.0009069616356371995,4845950
0.0015452010415746252,0.0015443574171830692,0.0015462357765335891,0.9891822851527243,0.001545682253190111,0.0015458588184622639,0.0015448392781347014,0.001545540262197357,5104331
0.001438197014292055,0.0014382381965241068,0.0014395402271751782,0.0014384911549530997,0.001438540972377932,0.9899291761503684,0.0014388318078767028,0.001438984476432646,4990201
0.002783159388790196,0.0027823230339527904,0.00278322490846525,0.002783114356621342,0.0027812727450709507,0.002785505913615215,0.5664758242088723,0.41682557544461196,4992382
0.4490977898194042,0.001986900918635709,0.0019885773059198078,0.5389789297518531,0.001987687971692417,0.0019856294477381877,0.001987003654918256,0.001987481129838205,4991032
0.0014222585313258573,0.990046165293008,0.0014218579347480258,0.001422254713192307,0.0014225733076293678,0.0014217442158032951,0.0014213734385450595,0.0014217725657479639,5117906
0.0006877762268802763,0.0006875670678214104,0.0006878695847208085,0.9951856957992774,0.0006875315057092342,0.000687892701782312,0.0006879301668578327,0.0006877369469506233,5116199
0.0008630911675335543,0.0008628933302914024,0.9939575732804885,0.0008632873993092573,0.0008632982908225648,0.0008631356088110481,0.0008631283787892646,0.0008635925439543843,4992409
0.0005539214612871635,0.0005542806026969318,0.0005541196044976953,0.9961221203053425,0.0005540022515238104,0.0005537022608770334,0.0005539332349392538,0.0005539202788355832,4934320
0.9950777955766092,0.0007030759633746903,0.0007030279628884078,0.0007034871080069198,0.0007029485865172698,0.0007030421583600235,0.0007034002786751445,0.000703222365568334,4973206
0.0014722899785396854,0.9896888713641125,0.0014741219668953213,0.0014728440212417942,0.0014736477732334584,0.0014727981021319134,0.0014727405196443162,0.0014726862742008438,4910998
0.0003294739743306941,0.00032928577092809227,0.6940811983815163,0.0003295684107660178,0.0003294788876284867,0.0003293951540923072,0.0003294050704166459,0.3039421943503213,4907902
0.0007773513140736342,0.0007774041052282356,0.0007773484159075837,0.9945578963525217,0.0007776288337613938,0.0007776370764281126,0.0007773566745643857,0.0007773772275149104,5108951
0.0002479601044600352,0.00024783440955767125,0.19159671358399982,0.6946348453516666,0.0002479523258714712,0.0002478214068401864,0.11252896632730192,0.0002479064903022217,4918066
0.0003375436119016128,0.015665175704093023,0.10765480591771566,0.3899657083718773,0.2794884537517784,0.00033737514489887876,0.00033745765369889606,0.2062134798440362,5033254
0.001814583563051974,0.47123476356044863,0.0018140253041547022,0.0018143541635778715,0.5178793070146344,0.0018136456042850372,0.0018151361989039798,0.001814184590943324,5025739
0.003685406146900777,0.0036801004612484725,0.0036809428033861406,0.0036810095781243573,0.7210448935599932,0.0036801597642161857,0.2568672418641242,0.0036802458220068137,5072839
0.040869933469705584,0.00039118978235083956,0.00039140367636639715,0.4207008728558679,0.536473007789364,0.00039115479146483085,0.0003912348335792713,0.00039120280130119526,4893550
0.0010176638864962705,0.001017466214033843,0.0010181557403315072,0.0010181866823056281,0.0010175299372082894,0.9928758131926282,0.0010174932115978542,0.0010176911353984694,4975921
0.008348473280301529,0.008338160510385257,0.008359573248089433,0.008348382624188775,0.008345648402343257,0.9415741564940108,0.008343786711571663,0.008341818729109307,4961170
0.0005566734997453829,0.0005562234370473007,0.0005564652301828551,0.0005565834008312174,0.0005565652464341706,0.0005563738258689987,0.1817901744845495,0.8148709408753405,4965694
0.001017782398940936,0.0010177238849764106,0.9928752245391443,0.0010186375266308708,0.0010176900284534014,0.0010175860703104877,0.0010177619682031633,0.0010175935833404972,4948312
0.0002918578651527815,0.00029188612065529954,0.000291852084245407,0.9979570288104339,0.0002919070379694593,0.00029184965006922095,0.0002917422651875137,0.0002918761662864951,5125250
0.0031300813331757325,0.0031287101411606507,0.2794348272661752,0.0031319077831676117,0.0031293269041955457,0.0031279391882868247,0.0031287163214640374,0.7017884910623743,5103785
0.007365933701766329,0.3169860524344123,0.007363171728723944,0.6388178918597541,0.0073579139493491165,0.007365546099387025,0.007369734067869692,0.007373756158737626,4916302
0.3855364801732938,0.00016629859135156906,0.0001663237652370321,0.2954011138145285,0.1902894095671607,0.00016626024483226847,0.1281078009014203,0.00016631294217601866,5103665
0.0027805546665302847,0.002780624994213966,0.0027825849962062606,0.002779683776793476,0.002779301649410869,0.9805368476673755,0.0027802303283306004,0.002780171921139072,4931044
0.0005444083716457507,0.0005442550456278786,0.039059007530838914,0.10640743518084579,0.5962570364861136,0.25609910375171985,0.0005444093028161149,0.0005443443303919839,5064355
0.6110137847598907,0.00043172163935178986,0.38639595277066474,0.0004318678361804797,0.00043166813697097586,0.0004316618158078443,0.0004317034054092471,0.00043163963572422006,4981537
0.0008815750367713783,0.490854283706585,0.000882054494827499,0.5038560696813731,0.0008812836058623909,0.0008815268982948673,0.0008814985804144099,0.0008817079958712577,4942060
0.0014900792675838854,0.0014902595556480448,0.0014904714569738237,0.001490819812731982,0.0014904483896779524,0.9895668915715375,0.0014903728293703946,0.0014906571164763774,4959574
0.002503067433263226,0.002503352673948632,0.002502993409225891,0.002506280403601979,0.0025033707469941185,0.002505120925417907,0.9824712049173432,0.0025046094902050936,4913311
0.001061031326206419,0.15724374487308604,0.001061181736972608,0.83638907779747,0.001061157841450345,0.0010609763617531074,0.0010616686294852207,0.0010611614335762488,5041405
0.00023271629189495696,0.00023268306709661377,0.00023267844062270878,0.00023280256123408996,0.9983711557554767,0.00023262526232052777,0.0002326991272418092,0.00023263949411254667,5066734
0.00024588650333601654,0.37429689258965354,0.0002458982493725849,0.416390957832773,0.00024587297764734996,0.000245902137538253,0.00024602235717117836,0.20808256735250805,2474153
0.24038671046228652,0.00046351703769775506,0.0004637779827243219,0.7568313378366676,0.0004637432830728631,0.0004636315668728496,0.0004636834665781538,0.00046359836409993164,22226659
0.0003910520203238925,0.9972627097828837,0.00039101416332496946,0.00039105797266659646,0.00039105067629571804,0.0003909498818498514,0.00039114832291832274,0.00039101717973698887,5014825
0.002317442664312041,0.0023182392602796808,0.9837736332463508,0.0023191650696358216,0.0023184119565736873,0.002316725551100027,0.002318123284955912,0.0023182589667919556,5056042
0.0005588654645605651,0.0005585140097710957,0.0005589180933843191,0.0005588545425549703,0.00055879953988715,0.9960885927559857,0.0005587500544386222,0.0005587055394174737,4990975
0.001317221493483062,0.0013179371142449348,0.0013175567569746515,0.0013177463254957788,0.0013172034504534732,0.9907764223476992,0.001318449303200218,0.0013174632084486534,4951615
0.0044691603910724615,0.004467631678071209,0.004471729942022993,0.004469982496837995,0.004468832716027882,0.004470384639883899,0.004471397818986113,0.9687108803170974,5019664
0.0014395397196115805,0.001439006017607165,0.0014396548799752965,0.9899244174287222,0.0014397119667602651,0.0014390048957808909,0.0014385181103916374,0.0014401469811510365,4969249
0.9943484318560625,0.0008072181672719019,0.0008074665653032037,0.0008075218287022795,0.0008073217678930872,0.0008072508394755405,0.0008072933194077052,0.0008074956558838185,4924414
0.0017636604481461912,0.0017621945500453586,0.10602878656808548,0.6485457338203124,0.0017632893875050343,0.23660957531257693,0.0017631616375219184,0.0017635982758066864,5023024
0.0007823706062348665,0.0007822883688237595,0.0007824531312441386,0.0007825038786329145,0.0007826190011234834,0.0007821747353057219,0.0007821236080754533,0.9945234666705598,4924174
0.0019558688018980366,0.001954700425969875,0.2723685365002799,0.715896139836276,0.001955242348677049,0.0019559670347060873,0.001956793451440357,0.0019567516007526595,5118422
0.0007631203052926957,0.0007636041743732163,0.0007637735310047325,0.9946562352276072,0.0007631393044627777,0.0007633472872751405,0.0007634000926365442,0.0007633800773476521,5094305
0.001955949107176338,0.472855872173441,0.0019570360651623296,0.0019567687334306103,0.5154059299226719,0.0019566827796064163,0.0019554281038892903,0.001956333114622213,5105795
0.00041722649327363915,0.0004173072834222876,0.00041718242240776707,0.9970792292826258,0.0004172386752223989,0.0004171081628804397,0.000417441456007981,0.0004172662241596178,4916329
0.003478522441706341,0.0034761780869696497,0.003482773952311574,0.003479609202611726,0.0034797831250610294,0.0034766513990350067,0.003475884445898627,0.975650597346406,4926748
0.0016916984625194016,0.9881588485462438,0.0016917228553274995,0.0016918247288567737,0.001691262198809477,0.0016909498902119837,0.001691937148657169,0.001691756169373872,4986670
0.0012038554530640403,0.0012040410249091408,0.0012030896772917427,0.9915742118240334,0.0012035400469084362,0.0012030634249287782,0.0012046667459034682,0.001203531802961024,4974445
0.0007406077249460397,0.0007403311694965633,0.0007407380035195795,0.0007409785307500975,0.0007404311438485354,0.0007407031645410755,0.0007405174325131529,0.994815692830385,5020330
0.4756791186675963,0.0007031484536127622,0.0007033784693374096,0.0007036106199326387,0.5201001836583323,0.0007036218101096932,0.0007034047212038524,0.0007035335998748492,5003524
0.13951825036153995,0.0007877930288570365,0.0007873004898498388,0.5555040689556502,0.0007873826333857232,0.0007871326600088112,0.30104055707955124,0.0007875147911571258,4957810
0.16744121689157426,0.000437675222699705,0.4148453596837215,0.0004377737801533773,0.4155244684899951,0.0004378839968241655,0.00043777527124194216,0.00043784666379009145,5037160
0.0015079759398873033,0.0015073286158346297,0.5168221206910697,0.3364498999700637,0.0015081899249902418,0.13918750509645375,0.0015091971805815789,0.0015077825811188868,4944622
0.0012905511681522315,0.0012901686223209957,0.9909675175942693,0.0012906487657928292,0.0012904361118993948,0.0012898858056610244,0.0012906515326035544,0.0012901403993008551,5117786
0.0010346519257806931,0.0010348845521211986,0.23007505310634593,0.763715867243687,0.0010349897534412313,0.0010347805281835365,0.001034903722269047,0.001034869168171361,4971190
0.0017629655854432416,0.0017626314993855095,0.0017624466458866547,0.0017641235998340603,0.9876605257111145,0.0017620470037316175,0.001762193882170869,0.001763066072433612,4943794
0.8904557614322868,0.015636444369793008,0.015659959231960795,0.015646667149281694,0.015638415394288126,0.015664864049419518,0.01564227582309272,0.015655612549877435,13609995
0.0013178015131942024,0.9907781400817066,0.0013173375683889197,0.0013177154895218284,0.0013173083550898142,0.0013171863023900099,0.0013169028085961924,0.0013176078811124247,4910083
0.0013604172999675931,0.0013604779894868045,0.0013608408717700915,0.0013609801959961513,0.0013610051188113056,0.9904743617715045,0.0013605581625460831,0.00136135858991753,4924012
0.0007824801830793052,0.0007819597752585714,0.0007824032260010042,0.0007823934712774529,0.9945233841657416,0.0007821388846479112,0.0007827887928732434,0.0007824515011209509,4939705
0.0003840090749923564,0.0003840762290588706,0.00038419713876480723,0.6496911937975455,0.0003840745045986366,0.0003838920611103959,0.03705382130452346,0.311334735889406,5058622
0.0004287206177273282,0.00042873777772190765,0.00042892211299724376,0.9969985332615637,0.00042890596672940095,0.0004287076832182922,0.0004287713870125117,0.00042870119302955396,4917088
0.125,0.125,0.125,0.125,0.125,0.125,0.125,0.125,7403440
0.00026980922459804527,0.24813630037857506,0.000269800191136503,0.3113662912501026,0.0002698452264838092,0.0002697538473219587,0.4391483240842263,0.0002698757975557011,4907029
0.0007493596954361849,0.0007494253717871579,0.0007493482994118022,0.0007496768070201418,0.994753990012482,0.0007493691342101584,0.0007493525238329576,0.0007494781558194558,5067163
0.0011382489484925077,0.0011380363320897969,0.0011377930588757825,0.001138155135604657,0.992034514315711,0.0011374583551555595,0.001137886079458423,0.0011379077746122793,5013775
0.0005348541286936119,0.0005345491664574268,0.9962565414334489,0.0005348290783638354,0.0005347686398132183,0.0005346372368238246,0.000535055515281823,0.0005347648011173917,4964023
0.9919604250909784,0.00114845083290558,0.0011487586827254607,0.0011489546405015914,0.001148404310592452,0.0011481685655533383,0.0011486251361729558,0.0011482127405702384,31462007
0.43866828031395755,0.01251955931169933,0.01253661631199498,0.4862170229696502,0.012523515682466176,0.01252237213580165,0.012507967013733681,0.012504666260696413,5064880
0.0009072234239290357,0.0009071906122306373,0.9936498866764186,0.000907709566905384,0.0009072505364243453,0.0009069902375749599,0.0009068568117064821,0.0009068921348104694,4956139
0.00481862378051478,0.004811754159612966,0.9663019914602775,0.004815054972891749,0.004811353988943634,0.004812751968969369,0.0048137042720169665,0.0048147653967730904,5113409
0.0012519406524882928,0.2523808828229911,0.001251477822768734,0.39726047622020444,0.0012510059887213603,0.0012516857777898024,0.34410085888443337,0.0012516718306029874,5091227
0.0032092484683869885,0.00320726458276669,0.1441504213650285,0.8365876540865855,0.003211688775265785,0.0032082618064483313,0.003210502894319675,0.0032149580211984045,4965880
0.037677557609863126,0.00015668882615130033,0.2562517685283673,0.5107175737843328,0.0001567332306074563,0.00015669169388217373,0.0001567121786629717,0.194726274148133,5037133
0.01787780703541302,0.27625846419055655,0.017867533996363146,0.017882926466136772,0.017868377951688618,0.017887318846559242,0.017862272810281767,0.6164952987030008,5069854
0.0003587708845993765,0.00035868768673399893,0.3708471786100743,0.4520058009265659,0.1492008038788923,0.00035868686579440664,0.026511145617005606,0.00035892553033398556,5020672
0.00834515741929715,0.008339808082544814,0.9415890749152389,0.00835248595135641,0.008339880329469267,0.008344029739186085,0.008342909886512224,0.008346653676395005,13634097
0.5793881404648004,0.0001172385806112614,0.00011724152584683017,0.40175325776825044,0.00011725337240879869,0.00011721048834697901,0.01827243723885255,0.0001172205608826915,4975144
0.9881572703413409,0.0016905237388042998,0.0016928178731747366,0.0016918148789832831,0.0016917848290797137,0.001692520150615631,0.0016916492165737738,0.00169161897142742,4933645
0.0026632757956839065,0.39373106757174037,0.0026637842314556166,0.0026636942921758216,0.5902882275200262,0.0026636760851861323,0.002662174298519775,0.002664100205212257,4915858
0.003911230422759188,0.003914214061028369,0.003909893262509224,0.00391156641997707,0.003909621361010631,0.9726202458373427,0.003912134420555661,0.003911094214817058,5097296
0.16071439724771952,0.002844630405385151,0.20922951010819155,0.6158285514602156,0.0028462160414899963,0.0028463446643883995,0.002844934999253801,0.002845415073355832,4946707
0.0011077483209001031,0.0011081896538277763,0.4758470603860917,0.08296294705868654,0.4356503219582622,0.0011077784311383297,0.0011076230356964728,0.0011083311553967755,5058298
0.0014726843616666785,0.9896914961666319,0.0014733963764024948,0.0014725106924458225,0.0014726661096119528,0.0014724589567187442,0.0014727613055364312,0.0014720260309859501,5000614
0.0032094318572927897,0.0032097534403021143,0.0032092509683233033,0.003209914680395102,0.0032075842133352734,0.003209575186820029,0.003208162100425303,0.977536327553106,5100473
0.0041730855897363665,0.004174824969178058,0.004176185969865209,0.004175731559187038,0.533398013701604,0.4415549192587062,0.004174044124976943,0.004173194826746134,5033674
0.0007280283903218372,0.0007278721262530994,0.40498616191723363,0.0007279929015201118,0.0007278740743068082,0.0007278581134908729,0.0007278791577521502,0.5906463333191215,5101046
0.0012773654138081084,0.0012771854945206934,0.9910584026672179,0.0012773919178235649,0.0012779462186804634,0.0012769733000898606,0.0012772266883583606,0.0012775082995009769,4956160
0.0005238806551261199,0.00052376731299368,0.0005238314330525657,0.9963335980813944,0.0005238222350904633,0.0005235733497384038,0.0005238144202399266,0.0005237125123645536,4928983
0.00039751793413996656,0.00039732838002695155,0.00039768994877603214,0.0003975756485069552,0.6304881256830526,0.00039737308618202947,0.000397460478851609,0.3671269288404639,5060488
0.0016253308866769718,0.00162660526573318,0.00162619709821032,0.4318953827390843,0.27444169946064123,0.0016261022029364714,0.28553292922608603,0.001625753120631622,4912486
0.37454852422782065,0.0002993921249447686,0.00029955485607738015,0.0002996027589120788,0.000299544391709262,0.0002995127840296534,0.6236542897290409,0.000299579127465365,5063623
0.00278241310542166,0.0027844655313291277,0.9805231030567917,0.002782093636428734,0.0027830004308697417,0.0027803215598558102,0.002782104458235739,0.002782498221067519,5068369
0.9880392787907645,0.000613702149620037,0.0006138834199868781,0.008278074186303528,0.0006139728071114985,0.0006134199303472283,0.0006138811510887019,0.000613787564777642,4971148
0.003916205416487218,0.003911538824990221,0.003913923456788041,0.003912601047225019,0.003914369087667607,0.003915478874271696,0.003915339618872871,0.9726005436736973,4909804
0.9889078948976645,0.0015837999918149558,0.0015851169104482163,0.0015844789112300784,0.0015852412530155799,0.001583926386053753,0.001584895338760639,0.001584646311012268,5109428
0.00042011558400514485,0.17641864884604774,0.00042012679600713157,0.539926812039129,0.00042008287545298453,0.00042020773387779797,0.2815539273897865,0.000420078735693768,5069188
0.00038301734736102637,0.0003828256933921777,0.00038302269959528725,0.42542235722386246,0.5722802285214995,0.0003827100697171981,0.00038287086107694857,0.00038296758349525164,5037202
0.0007974457380541794,0.0007972453358248493,0.4396253798913129,0.0007976093772296364,0.0007972736117841648,0.0007971096164000641,0.5555906836599754,0.0007972527694187423,4992496
0.0032943134810367388,0.4283572596184733,0.08971240230607298,0.003295394252836857,0.0032939440079115968,0.0032939312395279985,0.223204396917276,0.24554835817686455,4948333
0.003681163488302519,0.24201853355139435,0.0036821985723912353,0.7358864805468325,0.0036854061986677615,0.003679643414298421,0.003682542145115864,0.0036840320829974204,4875562
0.0005537494503942836,0.0005535626394086901,0.0005537634743056477,0.0005538549656152322,0.0005537579598652378,0.0005537243089137724,0.0005537574362187076,0.9961238297652786,4924363
0.001215079909644814,0.0012156357090737592,0.001215307593704607,0.001215093552609456,0.0012152586107397705,0.9914922125666307,0.0012163951502703275,0.0012150169073266112,4941949
0.125,0.125,0.125,0.125,0.125,0.125,0.125,0.125,4950196
0.002979986698353852,0.002981187104697403,0.002980518076805203,0.002980487478330039,0.9791369972439231,0.0029796164875021463,0.0029816683479200043,0.002979538562468256,4943350
0.001277974316902396,0.001276394022482892,0.0012773171491717449,0.0012770950928215098,0.0012771658336949555,0.0012766271279427506,0.00127722988405169,0.991060196572932,5115494
0.9935569395042118,0.0009205668064200828,0.0009203916196107341,0.0009206923381464876,0.0009203505978876754,0.0009201878888653815,0.0009201805463788477,0.0009206906984792528,5784268
0.9809482439038483,0.002720975608272965,0.002722797423500831,0.002721668125801362,0.002720915905756416,0.002720525632616219,0.002722714319633598,0.0027221590805704197,4914958
0.0003597486862306764,0.000359679374315707,0.00035976280862223836,0.000359816599783372,0.00035986670033275595,0.0003595993311118948,0.9974817817967347,0.0003597447028684716,5063605
0.0007777806649358255,0.0007773941918708278,0.0007775300369597013,0.000777967061700179,0.0007774434346034853,0.9945568678384958,0.0007776297316557155,0.0007773870397784268,4920841
0.0013177749329645527,0.0013174446429602862,0.0013180177941679,0.3475130377975723,0.0013182060075776446,0.0013171101829308138,0.0013171589886189637,0.6445812496532076,5056378
0.9809540023893961,0.0027196464064158654,0.0027200761781522435,0.0027217201969017032,0.0027209218828721862,0.0027212325608046944,0.0027208064129006903,0.0027215939725565136,5012161
0.0012512417050539882,0.9912407367150241,0.001250807927558397,0.0012513446579894131,0.0012510096358479869,0.0012508748293085993,0.001252316588550152,0.0012516679406673053,5050162
0.47084198894499224,0.4665610880930668,0.010440149197501166,0.010435763912797463,0.010427525743256826,0.01042387374238879,0.010427448642226516,0.010442161723770105,13578297
0.0022356245375808035,0.002234392264476647,0.9843542622985403,0.002235578910705129,0.002235621630261993,0.0022348193583021573,0.002234511258798551,0.002235189741334413,4931002
0.002361959482491324,0.002364024558892855,0.1765427591742112,0.8092809472392541,0.0023632336843887845,0.0023611009812489242,0.0023643443047090544,0.0023616305748038143,4943770
0.0012395196529694115,0.001239429957593358,0.0012395080538193607,0.21560599989536602,0.0012392205240085812,0.33487557351211567,0.0012397393981994052,0.44332100900592825,5038273
0.00042562578552666325,0.0004257926560309242,0.9970195191927222,0.00042591750044904635,0.00042582349846283446,0.00042564998098176344,0.00042585665553093705,0.00042581473029553346,5114603
0.022455615397462065,0.1676258244718808,0.07238568165543603,0.39865433332618666,0.09559135042802631,0.000869203517443508,0.24154868222571313,0.0008693089778513824,4966924
0.0003747584720784455,0.00037478224509477774,0.0003747764365609722,0.0003747991177761233,0.0003746901184543302,0.00037469793829879116,0.0003747935814053566,0.9973767020903314,4961614
0.0016917228908546495,0.1260973136152937,0.08248171883254499,0.42169953052799725,0.02120293207717574,0.0016916171907639685,0.0016922478381127056,0.343442917027257,4985125
0.002360917119410012,0.0023627607912510566,0.9834677546256266,0.0023617944259841234,0.0023613674200019022,0.002362104803079297,0.002361614620423815,0.0023616861942231783,5088154
0.2219133773697199,0.0006226632572531792,0.3837954358795873,0.0006229818740274008,0.0006230232166355286,0.000622971309789193,0.0006228670779028475,0.3911766800150847,5078467
0.004175699194322393,0.0041742036896564114,0.004172159225685288,0.9707768949381176,0.0041770892009729095,0.004173570539114028,0.004175427636143171,0.004174955575988159,5030782
0.15968204984267412,0.21478939656568113,0.00018742779507218305,0.5625079112646282,0.00018741296649047598,0.0001874611989591966,0.00018747746948578233,0.06227086289700887,5065510
0.011371644138343092,0.011378731791916967,0.011384426581681328,0.011383322599730829,0.011380503916477784,0.011373745009942152,0.011377564648264542,0.9203500613136432,5018899
0.0005931121146931824,0.9958482390838433,0.0005931719433445948,0.0005933054101394684,0.0005930458729703599,0.000593025283049899,0.0005930108022344657,0.0005930894897246121,5116496
